band,seed,topo,n_static_ep,n_change_ep,network_size,network_size_fixed,ownable_count,ownable_count_fixed,root_owned_static,cost,mechanical,behavioural_residual,conquest,relative_fragility,source,degree,population,n_mech_removal_episodes
10-15,42,1.0,82,23,10,True,9,True,8.060975609756097,2.1914103923647925,1.5217391304347827,0.6696712619300098,0.8956639566395663,0.0830757087416956,main_study,6.2,,
10-15,42,29.0,30,6,12,True,11,True,11.0,3.666666666666667,2.333333333333333,1.3333333333333337,1.0,0.1212121212121212,main_study,9.0,,
10-15,42,4.0,36,6,10,True,9,True,6.333333333333333,1.333333333333333,1.6666666666666667,-0.3333333333333337,0.7037037037037037,-0.0526315789473684,main_study,7.8,,
10-15,42,45.0,42,6,10,True,9,True,7.095238095238095,2.595238095238095,3.0,-0.4047619047619051,0.7883597883597884,-0.0570469798657718,main_study,6.3,,
10-15,42,54.0,60,30,11,True,10,True,9.966666666666669,2.4000000000000004,1.6,0.8000000000000003,0.9966666666666668,0.0802675585284281,main_study,8.727272727272727,,
10-15,42,61.0,54,24,10,True,9,True,8.055555555555555,2.2222222222222223,1.6666666666666667,0.5555555555555556,0.8950617283950617,0.0689655172413793,main_study,6.7,,
10-15,42,62.0,66,12,10,True,9,True,5.363636363636363,0.6969696969696964,0.9166666666666666,-0.2196969696969702,0.5959595959595959,-0.0409604519774012,main_study,8.5,,
10-15,42,76.0,30,23,12,True,10,True,6.5,1.5,1.608695652173913,-0.108695652173913,0.65,-0.0167224080267558,main_study,7.833333333333333,,
10-15,100,1.0,48,18,10,True,9,True,8.1875,2.020833333333333,1.2777777777777777,0.7430555555555554,0.9097222222222222,0.0907548770144189,main_study,6.2,,
10-15,100,4.0,72,12,10,True,9,True,6.305555555555555,1.6388888888888884,1.3333333333333333,0.3055555555555551,0.7006172839506173,0.0484581497797356,main_study,7.8,,
10-15,100,54.0,60,12,11,True,10,True,10.383333333333333,3.633333333333333,2.1666666666666665,1.4666666666666663,1.038333333333333,0.1412520064205457,main_study,8.727272727272727,,
10-15,100,61.0,41,23,10,True,9,True,8.024390243902438,1.720042417815482,1.9130434782608696,-0.1930010604453875,0.8915989159891597,-0.0240518038852914,main_study,6.7,,
10-15,100,62.0,48,23,10,True,9,True,5.520833333333333,1.0860507246376807,1.0434782608695652,0.0425724637681155,0.6134259259259259,0.0077112387202624,main_study,8.5,,
10-15,100,76.0,54,12,12,True,10,True,6.388888888888889,1.2222222222222223,1.5833333333333333,-0.3611111111111109,0.638888888888889,-0.0565217391304347,main_study,7.833333333333333,,
10-15,123,1.0,71,22,10,True,9,True,8.380281690140846,1.9711907810499367,1.818181818181818,0.1530089628681186,0.9311424100156496,0.0182582123758595,main_study,6.2,,
10-15,123,4.0,59,30,10,True,9,True,6.186440677966102,1.686440677966102,1.3666666666666667,0.3197740112994354,0.6873822975517891,0.051689497716895,main_study,7.8,,
10-15,123,45.0,54,12,10,True,9,True,6.703703703703703,1.2870370370370363,2.083333333333333,-0.7962962962962972,0.7448559670781892,-0.1187845303867404,main_study,6.3,,
10-15,123,54.0,60,6,11,True,10,True,10.283333333333331,2.283333333333333,2.0,0.2833333333333332,1.028333333333333,0.0275526742301458,main_study,8.727272727272727,,
10-15,123,61.0,30,18,10,True,9,True,8.166666666666666,2.3888888888888884,1.9444444444444444,0.444444444444444,0.9074074074074072,0.0544217687074829,main_study,6.7,,
10-15,123,62.0,42,12,10,True,9,True,5.5,0.333333333333333,1.0,-0.666666666666667,0.6111111111111112,-0.1212121212121212,main_study,8.5,,
10-15,123,76.0,30,30,12,True,10,True,6.466666666666667,1.2666666666666666,1.3666666666666667,-0.1,0.6466666666666667,-0.0154639175257732,main_study,7.833333333333333,,
10-15,200,1.0,66,12,10,True,9,True,7.46969696969697,2.8863636363636367,1.5,1.386363636363637,0.82996632996633,0.1855983772819473,main_study,6.2,,
10-15,200,29.0,54,12,12,True,11,True,11.203703703703704,3.037037037037038,2.083333333333333,0.9537037037037046,1.0185185185185186,0.0851239669421488,main_study,9.0,,
10-15,200,4.0,66,12,10,True,9,True,5.96969696969697,0.9696969696969696,1.0833333333333333,-0.1136363636363635,0.6632996632996633,-0.0190355329949238,main_study,7.8,,
10-15,200,45.0,48,12,10,True,9,True,6.958333333333333,1.875,2.1666666666666665,-0.2916666666666665,0.7731481481481481,-0.0419161676646706,main_study,6.3,,
10-15,200,54.0,48,18,11,True,10,True,10.75,3.0277777777777777,2.0,1.0277777777777777,1.075,0.0956072351421188,main_study,8.727272727272727,,
10-15,200,61.0,30,31,10,True,9,True,8.066666666666666,1.7763440860215054,1.2903225806451613,0.4860215053763441,0.8962962962962963,0.0602505998400426,main_study,6.7,,
10-15,200,62.0,34,17,10,True,9,True,5.352941176470588,0.8235294117647056,1.1176470588235294,-0.2941176470588238,0.5947712418300654,-0.054945054945055,main_study,8.5,,
10-15,200,76.0,54,6,12,True,10,True,6.425925925925926,1.0925925925925926,1.1666666666666667,-0.0740740740740741,0.6425925925925926,-0.0115273775216138,main_study,7.833333333333333,,
10-15,300,1.0,30,18,10,True,9,True,8.333333333333334,2.722222222222223,2.333333333333333,0.3888888888888897,0.925925925925926,0.0466666666666667,main_study,6.2,,
10-15,300,29.0,54,24,12,True,11,True,11.61111111111111,3.9027777777777777,2.375,1.5277777777777777,1.0555555555555556,0.131578947368421,main_study,9.0,,
10-15,300,4.0,42,18,10,True,9,True,6.071428571428571,1.5714285714285712,1.2222222222222223,0.3492063492063488,0.6746031746031745,0.0575163398692809,main_study,7.8,,
10-15,300,45.0,54,23,10,True,9,True,7.148148148148148,2.017713365539453,1.8695652173913044,0.1481481481481481,0.794238683127572,0.0207253886010362,main_study,6.3,,
10-15,300,54.0,59,23,11,True,10,True,10.559322033898304,2.9506263817243914,2.260869565217391,0.6897568165070003,1.0559322033898304,0.0653220741154302,main_study,8.727272727272727,,
10-15,300,61.0,84,18,10,True,9,True,8.154761904761905,2.432539682539683,1.7222222222222223,0.7103174603174605,0.9060846560846562,0.0871046228710462,main_study,6.7,,
10-15,300,62.0,42,18,10,True,9,True,5.523809523809524,1.3571428571428568,0.9444444444444444,0.4126984126984123,0.6137566137566137,0.0747126436781608,main_study,8.5,,
10-15,300,76.0,35,18,12,True,10,True,6.4,0.7333333333333334,0.8333333333333334,-0.0999999999999999,0.64,-0.0156249999999999,main_study,7.833333333333333,,
30-40,42,15.0,42,78,36,True,35,True,26.452380952380956,4.606227106227106,1.4743589743589745,3.1318681318681314,0.7557823129251701,0.1183964550301183,main_study,26.194444444444443,,
30-40,42,19.0,48,37,31,True,29,True,23.229166666666668,3.9318693693693696,2.135135135135135,1.7967342342342345,0.8010057471264368,0.0773482002181553,main_study,22.322580645161292,,
30-40,42,3.0,54,30,32,True,29,True,26.09259259259259,5.49259259259259,2.7666666666666666,2.725925925925924,0.8997445721583652,0.1044712562100779,main_study,21.46875,,
30-40,42,32.0,53,54,33,True,30,True,24.73584905660377,4.735849056603772,1.462962962962963,3.272886093640809,0.8245283018867924,0.132313472893183,main_study,23.696969696969695,,
30-40,42,44.0,78,36,34,True,32,True,24.756410256410252,3.0619658119658126,1.7777777777777777,1.284188034188035,0.7736378205128205,0.0518729501122044,main_study,25.058823529411764,,
30-40,42,50.0,53,35,33,True,28,True,20.73584905660377,2.421563342318059,1.2,1.2215633423180592,0.7405660377358491,0.0589106980371766,main_study,20.303030303030305,,
30-40,42,64.0,42,30,33,True,30,True,24.666666666666668,3.033333333333335,1.4666666666666666,1.5666666666666684,0.8222222222222223,0.0635135135135135,main_study,19.818181818181817,,
30-40,42,92.0,30,30,30,True,28,True,22.5,4.633333333333333,2.7666666666666666,1.8666666666666665,0.8035714285714286,0.0829629629629629,main_study,16.366666666666667,,
30-40,100,15.0,41,47,36,True,35,True,23.78048780487805,4.0570835495589,1.148936170212766,2.908147379346134,0.6794425087108014,0.122291325695581,main_study,26.194444444444443,,
30-40,100,19.0,54,24,31,True,29,True,22.166666666666668,3.75,1.9166666666666667,1.8333333333333333,0.764367816091954,0.0827067669172932,main_study,22.322580645161292,,
30-40,100,3.0,42,54,32,True,29,True,23.0,3.1296296296296298,1.3148148148148149,1.8148148148148149,0.7931034482758621,0.0789049919484702,main_study,21.46875,,
30-40,100,32.0,138,72,33,True,30,True,21.41304347826087,3.1491545893719817,1.2222222222222223,1.9269323671497596,0.713768115942029,0.0899887196841511,main_study,23.696969696969695,,
30-40,100,44.0,12,36,34,True,32,True,23.5,3.666666666666668,1.7222222222222223,1.9444444444444453,0.734375,0.08274231678487,main_study,25.058823529411764,,
30-40,100,50.0,48,36,33,True,28,True,20.8125,4.868055555555555,1.3611111111111112,3.506944444444444,0.7433035714285714,0.1685018351685018,main_study,20.303030303030305,,
30-40,100,64.0,17,24,33,True,30,True,23.88235294117647,3.965686274509803,2.0,1.9656862745098032,0.7960784313725491,0.0823070607553365,main_study,19.818181818181817,,
30-40,100,92.0,48,27,30,True,28,True,23.875,4.171296296296298,2.2222222222222223,1.9490740740740755,0.8526785714285714,0.081636610432422,main_study,16.366666666666667,,
30-40,123,15.0,42,66,36,True,35,True,22.857142857142858,4.7359307359307365,1.2424242424242424,3.4935064935064943,0.653061224489796,0.1528409090909091,main_study,26.194444444444443,,
30-40,123,19.0,29,12,31,True,29,True,21.41379310344828,2.830459770114945,1.5833333333333333,1.2471264367816122,0.7384066587395958,0.0582393988191091,main_study,22.322580645161292,,
30-40,123,3.0,60,66,32,True,29,True,24.216666666666665,5.11060606060606,1.378787878787879,3.7318181818181806,0.8350574712643678,0.1541012325595945,main_study,21.46875,,
30-40,123,32.0,48,12,33,True,30,True,21.229166666666668,4.229166666666668,0.8333333333333334,3.3958333333333344,0.7076388888888889,0.1599607458292444,main_study,23.696969696969695,,
30-40,123,44.0,84,48,34,True,32,True,22.035714285714285,4.431547619047617,1.1666666666666667,3.26488095238095,0.6886160714285714,0.1481631550513235,main_study,25.058823529411764,,
30-40,123,50.0,53,89,33,True,28,True,21.264150943396228,7.14055543777825,0.6629213483146067,6.477634089463644,0.7594339622641509,0.304626980249843,main_study,20.303030303030305,,
30-40,123,64.0,36,65,33,True,30,True,23.22222222222222,3.914529914529915,1.4615384615384617,2.452991452991453,0.774074074074074,0.1056312108943688,main_study,19.818181818181817,,
30-40,123,92.0,48,42,30,True,28,True,21.604166666666668,4.4613095238095255,1.6904761904761905,2.770833333333335,0.771577380952381,0.1282545805207329,main_study,16.366666666666667,,
30-40,200,15.0,78,60,36,True,35,True,26.692307692307693,3.1589743589743584,1.6833333333333331,1.475641025641025,0.7626373626373627,0.0552833813640729,main_study,26.194444444444443,,
30-40,200,19.0,48,48,31,True,29,True,22.45833333333333,3.083333333333332,1.6666666666666667,1.4166666666666654,0.7744252873563218,0.0630797773654916,main_study,22.322580645161292,,
30-40,200,3.0,72,36,32,True,29,True,24.069444444444443,2.319444444444443,1.3888888888888888,0.930555555555554,0.8299808429118773,0.0386612810155798,main_study,21.46875,,
30-40,200,32.0,42,42,33,True,30,True,22.714285714285715,2.7857142857142883,1.5238095238095235,1.2619047619047643,0.7571428571428572,0.0555555555555556,main_study,23.696969696969695,,
30-40,200,44.0,65,64,34,True,32,True,25.06153846153846,3.1240384615384613,1.734375,1.389663461538461,0.7831730769230769,0.0554500460405156,main_study,25.058823529411764,,
30-40,200,50.0,36,60,33,True,28,True,21.25,2.8000000000000007,0.7333333333333333,2.0666666666666678,0.7589285714285714,0.0972549019607843,main_study,20.303030303030305,,
30-40,200,64.0,35,60,33,True,30,True,24.62857142857143,3.2619047619047628,1.55,1.7119047619047627,0.820952380952381,0.0695088940448569,main_study,19.818181818181817,,
30-40,200,92.0,24,30,30,True,28,True,24.95833333333333,4.691666666666666,2.1666666666666665,2.525,0.8913690476190476,0.1011686143572621,main_study,16.366666666666667,,
30-40,300,15.0,78,39,36,True,35,True,23.17948717948718,4.564102564102562,1.2564102564102564,3.3076923076923057,0.6622710622710622,0.1426991150442477,main_study,26.194444444444443,,
30-40,300,19.0,60,30,31,True,29,True,21.166666666666668,2.700000000000003,1.4333333333333331,1.2666666666666695,0.7298850574712644,0.0598425196850395,main_study,22.322580645161292,,
30-40,300,3.0,60,36,32,True,29,True,24.016666666666666,3.405555555555555,1.3333333333333333,2.072222222222222,0.8281609195402299,0.0862826740689336,main_study,21.46875,,
30-40,300,32.0,41,30,33,True,30,True,21.463414634146343,2.1300813008130106,1.1,1.0300813008130103,0.7154471544715447,0.0479924242424243,main_study,23.696969696969695,,
30-40,300,44.0,30,42,34,True,32,True,23.03333333333333,7.819047619047621,1.5,6.3190476190476215,0.7197916666666667,0.2743436014058301,main_study,25.058823529411764,,
30-40,300,50.0,36,30,33,True,28,True,18.38888888888889,4.488888888888889,0.8,3.688888888888889,0.6567460317460317,0.2006042296072507,main_study,20.303030303030305,,
30-40,300,64.0,54,60,33,True,30,True,24.24074074074074,4.874074074074073,1.7,3.174074074074073,0.8080246913580247,0.1309396485867073,main_study,19.818181818181817,,
30-40,300,92.0,41,53,30,True,28,True,22.414634146341463,7.754256787850897,1.3773584905660377,6.37689829728486,0.8005226480836237,0.2844970948734268,main_study,16.366666666666667,,
80-100,42,10.0,72,30,84,True,78,True,29.13888888888889,1.8055555555555567,0.4333333333333333,1.3722222222222238,0.3735754985754986,0.0470924690181125,main_study,63.07142857142857,,
80-100,42,100.0,24,48,88,True,83,True,32.083333333333336,0.9583333333333356,0.4791666666666667,0.479166666666669,0.3865461847389558,0.014935064935065,main_study,54.5,,
80-100,42,17.0,53,41,92,True,80,True,32.83018867924528,2.5375057524160134,0.0975609756097561,2.439944776806257,0.410377358490566,0.0743201569946733,main_study,56.619565217391305,,
80-100,42,18.0,60,65,95,True,92,True,28.133333333333333,2.5487179487179468,0.5538461538461539,1.994871794871793,0.3057971014492753,0.0709077652205613,main_study,59.95789473684211,,
80-100,42,2.0,30,78,84,True,76,True,29.366666666666667,-0.5435897435897417,0.3333333333333333,-0.8769230769230749,0.3864035087719298,-0.0298611717453941,main_study,50.94047619047619,,
80-100,42,5.0,36,42,85,True,78,True,19.36111111111111,-0.8293650793650791,0.3571428571428571,-1.1865079365079363,0.2482193732193732,-0.0612830498052879,main_study,59.247058823529414,,
80-100,42,67.0,66,48,80,True,73,True,30.33333333333333,3.1666666666666643,0.4791666666666667,2.687499999999998,0.4155251141552511,0.088598901098901,main_study,42.4625,,
80-100,42,90.0,59,48,83,True,79,True,27.966101694915253,1.0911016949152526,0.8125,0.2786016949152525,0.3540012872774082,0.0099621212121211,main_study,50.63855421686747,,
80-100,100,10.0,47,53,84,True,78,True,32.1063829787234,2.2007226013649124,0.5471698113207547,1.6535527900441576,0.411620294599018,0.0515023069132375,main_study,63.07142857142857,,
80-100,100,100.0,48,48,88,True,83,True,33.1875,4.020833333333332,0.6666666666666666,3.3541666666666656,0.3998493975903614,0.101067168863779,main_study,54.5,,
80-100,100,17.0,54,30,92,True,80,True,33.24074074074074,-0.0259259259259252,0.4333333333333333,-0.4592592592592586,0.4155092592592592,-0.0138161559888579,main_study,56.619565217391305,,
80-100,100,18.0,30,71,95,True,92,True,28.666666666666668,1.5821596244131475,0.7323943661971831,0.8497652582159646,0.3115942028985507,0.0296429741238127,main_study,59.95789473684211,,
80-100,100,2.0,54,30,84,True,76,True,32.0,-0.56666666666667,0.3666666666666666,-0.9333333333333368,0.4210526315789473,-0.0291666666666667,main_study,50.94047619047619,,
80-100,100,5.0,78,42,85,True,78,True,23.08974358974359,0.1373626373626386,0.3333333333333333,-0.1959706959706946,0.2960223537146614,-0.0084873482985642,main_study,59.247058823529414,,
80-100,100,67.0,59,54,80,True,73,True,31.372881355932204,2.261770244821093,0.5,1.7617702448210937,0.4297654980264686,0.056155831682574,main_study,42.4625,,
80-100,100,90.0,30,72,83,True,79,True,30.166666666666668,3.083333333333336,0.6111111111111112,2.4722222222222245,0.3818565400843882,0.0819521178637201,main_study,50.63855421686747,,
80-100,123,10.0,66,77,84,True,78,True,28.40909090909091,2.629870129870131,0.5974025974025974,2.0324675324675336,0.3642191142191142,0.0715428571428571,main_study,63.07142857142857,,
80-100,123,100.0,60,66,88,True,83,True,31.383333333333333,3.034848484848485,0.803030303030303,2.2318181818181824,0.3781124497991968,0.0711147588471008,main_study,54.5,,
80-100,123,17.0,71,59,92,True,80,True,33.070422535211264,0.3585581284316035,0.1864406779661017,0.1721174504655018,0.4133802816901408,0.0052045736725087,main_study,56.619565217391305,,
80-100,123,18.0,36,48,95,True,92,True,28.72222222222222,2.8055555555555536,0.75,2.0555555555555536,0.3121980676328502,0.0715667311411991,main_study,59.95789473684211,,
80-100,123,2.0,42,42,84,True,76,True,30.73809523809524,0.6904761904761898,0.4523809523809524,0.2380952380952374,0.4044486215538847,0.0077459333849728,main_study,50.94047619047619,,
80-100,123,5.0,35,18,85,True,78,True,22.4,1.12222222222222,0.1666666666666666,0.9555555555555534,0.2871794871794871,0.04265873015873,main_study,59.247058823529414,,
80-100,123,67.0,48,36,80,True,73,True,31.39583333333333,2.6180555555555536,0.4166666666666667,2.201388888888887,0.4300799086757991,0.0701172307011722,main_study,42.4625,,
80-100,123,90.0,42,54,83,True,79,True,25.547619047619047,0.6587301587301582,0.6296296296296297,0.0291005291005285,0.3233875828812537,0.0011390701045873,main_study,50.63855421686747,,
80-100,200,10.0,6,48,84,True,78,True,30.166666666666668,1.7708333333333357,0.6041666666666666,1.1666666666666692,0.3867521367521367,0.0386740331491713,main_study,63.07142857142857,,
80-100,200,100.0,72,42,88,True,83,True,35.861111111111114,4.194444444444446,0.6666666666666666,3.52777777777778,0.4320615796519411,0.0983733539891557,main_study,54.5,,
80-100,200,17.0,47,72,92,True,80,True,36.57446808510638,1.5605791962174962,0.2361111111111111,1.324468085106385,0.4571808510638298,0.0362129144851658,main_study,56.619565217391305,,
80-100,200,18.0,66,54,95,True,92,True,29.651515151515152,2.595959595959595,0.4074074074074074,2.188552188552188,0.3222990777338603,0.0738091182649179,main_study,59.95789473684211,,
80-100,200,2.0,48,47,84,True,76,True,35.145833333333336,2.656471631205676,0.6382978723404256,2.01817375886525,0.4624451754385965,0.0574228455397344,main_study,50.94047619047619,,
80-100,200,5.0,54,48,85,True,78,True,23.27777777777778,2.4652777777777786,0.2291666666666666,2.236111111111112,0.2984330484330484,0.0960620525059666,main_study,59.247058823529414,,
80-100,200,67.0,53,47,80,True,73,True,33.056603773584904,1.9076676033721365,0.7446808510638298,1.1629867523083064,0.4528301886792452,0.0351816768677741,main_study,42.4625,,
80-100,200,90.0,54,42,83,True,79,True,28.444444444444443,1.1111111111111107,0.4523809523809524,0.6587301587301584,0.360056258790436,0.0231584821428571,main_study,50.63855421686747,,
80-100,300,10.0,60,24,84,True,78,True,30.383333333333333,2.758333333333333,0.7916666666666666,1.9666666666666663,0.3895299145299145,0.0647284695556774,main_study,63.07142857142857,,
80-100,300,100.0,29,48,88,True,83,True,34.689655172413794,4.189655172413794,0.7291666666666666,3.460488505747127,0.4179476526796842,0.0997556328694499,main_study,54.5,,
80-100,300,17.0,54,42,92,True,80,True,34.166666666666664,0.5476190476190439,0.4285714285714285,0.1190476190476153,0.4270833333333333,0.0034843205574911,main_study,56.619565217391305,,
80-100,300,18.0,24,60,95,True,92,True,28.625,2.291666666666668,0.5166666666666667,1.7750000000000012,0.3111413043478261,0.0620087336244541,main_study,59.95789473684211,,
80-100,300,2.0,48,65,84,True,76,True,33.020833333333336,0.5900641025641065,0.1538461538461538,0.4362179487179526,0.434484649122807,0.0132103858286824,main_study,50.94047619047619,,
80-100,300,5.0,59,41,85,True,78,True,22.203389830508478,1.0814386109962797,0.2926829268292683,0.7887556841670114,0.2846588439808779,0.0355241109663005,main_study,59.247058823529414,,
80-100,300,67.0,84,72,80,True,73,True,31.88095238095238,3.2003968253968225,0.5138888888888888,2.6865079365079336,0.4367253750815394,0.0842668658202638,main_study,42.4625,,
80-100,300,90.0,42,48,83,True,79,True,28.714285714285715,2.8392857142857157,0.5416666666666666,2.297619047619049,0.3634719710669077,0.080016583747927,main_study,50.63855421686747,,
,42,,200,200,30,,26,True,18.545,5.9300000000000015,4.615,1.3150000000000013,0.7132692307692309,0.07090860070099764,task_y,21.266666666666666,taskY_n30hi,200.0
,100,,200,200,30,,23,True,15.275,3.535,3.1155778894472363,0.4194221105527638,0.6641304347826087,0.02745807597726768,task_y,17.966666666666665,taskY_n30hi,199.0
,123,,200,200,30,,26,True,18.99,6.189999999999998,4.545,1.6449999999999978,0.7303846153846153,0.08662453923117419,task_y,19.9,taskY_n30hi,200.0
,200,,200,200,30,,27,True,19.045,5.745000000000001,4.577889447236181,1.1671105527638197,0.7053703703703704,0.06128173025801101,task_y,19.766666666666666,taskY_n30hi,199.0
,300,,200,200,30,,25,True,17.005,4.989999999999998,4.1708542713567835,0.8191457286432149,0.6801999999999999,0.048170874956966474,task_y,19.533333333333335,taskY_n30hi,199.0
,42,,200,200,90,,87,True,32.125,10.265,7.964824120603015,2.3001758793969858,0.3692528735632184,0.07160080558434197,task_y,20.666666666666668,taskY_n90,199.0
,100,,200,200,90,,86,True,33.335,11.715,7.125,4.59,0.3876162790697675,0.13769311534423279,task_y,19.744444444444444,taskY_n90,200.0
,123,,200,200,90,,73,True,25.9,8.404999999999998,5.897435897435898,2.5075641025641,0.3547945205479452,0.09681714681714672,task_y,18.88888888888889,taskY_n90,195.0
,200,,200,200,90,,77,True,27.26,8.385000000000002,8.00502512562814,0.37997487437186095,0.354025974025974,0.01393891688818272,task_y,27.42222222222222,taskY_n90,199.0
,300,,200,200,90,,70,True,31.255,8.77,7.457894736842105,1.3121052631578944,0.4465,0.041980651516809936,task_y,20.944444444444443,taskY_n90,190.0
,100,,200,200,30,,23,True,15.175,3.8900000000000006,3.31,0.5800000000000005,0.6597826086956522,0.03822075782537071,task_y,9.633333333333333,taskY_n30lo,200.0
,123,,200,200,30,,23,True,13.825,2.764999999999999,2.505,0.2599999999999989,0.601086956521739,0.018806509945750373,task_y,14.1,taskY_n30lo,200.0
,200,,200,200,30,,26,True,18.655,6.025,5.525,0.5,0.7175,0.02680246582685607,task_y,13.633333333333333,taskY_n30lo,200.0
,300,,200,200,30,,27,True,20.29,6.725,4.84,1.8849999999999998,0.7514814814814814,0.09290290783637259,task_y,9.633333333333333,taskY_n30lo,200.0
