cell	seed	cumulative_training_steps	original_run_directory	checkpoint_path	vecnormalize_path	checkpoint_size_bytes	vecnormalize_size_bytes	checkpoint_sha256	vecnormalize_sha256	associated_config_and_topology
N30_matched_degree	42	250000	cyberbattle/agents/logs/yN30_s42_stg1_2026-08-03_21-28-47/TRPO_x_control_SecureBERT	cyberbattle/agents/logs/yN30_s42_stg1_2026-08-03_21-28-47/TRPO_x_control_SecureBERT/checkpoints/1/checkpoint_250000_steps.zip	cyberbattle/agents/logs/yN30_s42_stg1_2026-08-03_21-28-47/TRPO_x_control_SecureBERT/checkpoints/1/checkpoint_vecnormalize_250000_steps.pkl	2038224	22224	e3380b480f04fa7c8ab8a05ab615b46a34945acca4512cfe263fbfed4178e6fc	61847d6b5115ab3ed930461ba799ae60d49ac4d72203a866a149a9171a31e3e5	cyberbattle/agents/logs/yN30_s42_stg1_2026-08-03_21-28-47/TRPO_x_control_SecureBERT/train_config.yaml;graphs_yN30_s42_2026-08-03_17-15-34/1
N30_matched_degree	100	250000	cyberbattle/agents/logs/yN30_s100_stg1_2026-08-03_21-28-47/TRPO_x_control_SecureBERT	cyberbattle/agents/logs/yN30_s100_stg1_2026-08-03_21-28-47/TRPO_x_control_SecureBERT/checkpoints/1/checkpoint_250000_steps.zip	cyberbattle/agents/logs/yN30_s100_stg1_2026-08-03_21-28-47/TRPO_x_control_SecureBERT/checkpoints/1/checkpoint_vecnormalize_250000_steps.pkl	2039080	22223	990aac1ffddeaf559e13fa5c38da7a703059a4d28ec3c8354e05dd4bf2dabc9d	6cfa3f89a5d0aaaacf98d5c14370d6d6c625ac44751a7071230b32a39e4775b9	cyberbattle/agents/logs/yN30_s100_stg1_2026-08-03_21-28-47/TRPO_x_control_SecureBERT/train_config.yaml;graphs_yN30_s100_2026-08-03_17-15-34/1
N30_matched_degree	123	250000	cyberbattle/agents/logs/yN30_s123_stg1_2026-08-03_21-28-47/TRPO_x_control_SecureBERT	cyberbattle/agents/logs/yN30_s123_stg1_2026-08-03_21-28-47/TRPO_x_control_SecureBERT/checkpoints/1/checkpoint_250000_steps.zip	cyberbattle/agents/logs/yN30_s123_stg1_2026-08-03_21-28-47/TRPO_x_control_SecureBERT/checkpoints/1/checkpoint_vecnormalize_250000_steps.pkl	2038233	22222	0ecc5dd5490e1a0508cf0ae19f2e3afa3de8cfcbe2b7993aede4d1ffc6910a73	9fd91fed9ecae9cc92baecd49c40f126b6eb2e3674ebfb1ab7e499d5d444d7ac	cyberbattle/agents/logs/yN30_s123_stg1_2026-08-03_21-28-47/TRPO_x_control_SecureBERT/train_config.yaml;graphs_yN30_s123_2026-08-03_17-15-34/1
N30_matched_degree	200	250000	cyberbattle/agents/logs/yN30_s200_stg1_2026-08-03_21-28-47/TRPO_x_control_SecureBERT	cyberbattle/agents/logs/yN30_s200_stg1_2026-08-03_21-28-47/TRPO_x_control_SecureBERT/checkpoints/1/checkpoint_250000_steps.zip	cyberbattle/agents/logs/yN30_s200_stg1_2026-08-03_21-28-47/TRPO_x_control_SecureBERT/checkpoints/1/checkpoint_vecnormalize_250000_steps.pkl	2039330	22223	a8590c1b28789ac63003d62a7f6f5f7b5ebb6804b0c5f0a423978ada6d1af1b0	cf1dda0cace5ce5a7017bde21f5115fa69499677c05ba7b34d50458dff20cfea	cyberbattle/agents/logs/yN30_s200_stg1_2026-08-03_21-28-47/TRPO_x_control_SecureBERT/train_config.yaml;graphs_yN30_s200_2026-08-03_17-15-34/1
N30_matched_degree	300	250000	cyberbattle/agents/logs/yN30_s300_stg1_2026-08-03_21-28-47/TRPO_x_control_SecureBERT	cyberbattle/agents/logs/yN30_s300_stg1_2026-08-03_21-28-47/TRPO_x_control_SecureBERT/checkpoints/1/checkpoint_250000_steps.zip	cyberbattle/agents/logs/yN30_s300_stg1_2026-08-03_21-28-47/TRPO_x_control_SecureBERT/checkpoints/1/checkpoint_vecnormalize_250000_steps.pkl	2039395	22222	306dc2a01458e2ece890cf765172b705afbfa15996e7da5de3c7b91c130201b5	8580ab2a65b24e53f204e8cedcf258fe3f190e2deca5196a909e1a1339ac1ef6	cyberbattle/agents/logs/yN30_s300_stg1_2026-08-03_21-28-47/TRPO_x_control_SecureBERT/train_config.yaml;graphs_yN30_s300_2026-08-03_17-15-34/1
N60_matched_degree	42	750000	cyberbattle/agents/logs/yN60_s42_stg3_2026-08-03_23-00-46/TRPO_x_control_SecureBERT	cyberbattle/agents/logs/yN60_s42_stg3_2026-08-03_23-00-46/TRPO_x_control_SecureBERT/checkpoints/1/checkpoint_250000_steps.zip	cyberbattle/agents/logs/yN60_s42_stg3_2026-08-03_23-00-46/TRPO_x_control_SecureBERT/checkpoints/1/checkpoint_vecnormalize_250000_steps.pkl	2039401	22225	3ad35b2e638c92904caf76847b938b9d2fbeb2630eb56465281d5b033e908a31	8cf6e3d2b7649ae8a6d3a0e234efcacc26dbb1bb8efeeb8f7d7b295dafad6db0	cyberbattle/agents/logs/yN60_s42_stg3_2026-08-03_23-00-46/TRPO_x_control_SecureBERT/train_config.yaml;graphs_yN60_s42_2026-08-03_17-15-34/1
N60_matched_degree	100	750000	cyberbattle/agents/logs/yN60_s100_stg3_2026-08-03_23-00-46/TRPO_x_control_SecureBERT	cyberbattle/agents/logs/yN60_s100_stg3_2026-08-03_23-00-46/TRPO_x_control_SecureBERT/checkpoints/1/checkpoint_250000_steps.zip	cyberbattle/agents/logs/yN60_s100_stg3_2026-08-03_23-00-46/TRPO_x_control_SecureBERT/checkpoints/1/checkpoint_vecnormalize_250000_steps.pkl	2039396	22223	6ced806925357b661418bbc34a083e9ae10bae360236fa1fbdc242b8fa4ee2b4	dea262a66a268c8a4b5b0eb7283ecff3e64d666f54721978df9954d919df28f1	cyberbattle/agents/logs/yN60_s100_stg3_2026-08-03_23-00-46/TRPO_x_control_SecureBERT/train_config.yaml;graphs_yN60_s100_2026-08-03_17-15-34/1
N60_matched_degree	123	750000	cyberbattle/agents/logs/yN60_s123_stg3_2026-08-03_23-00-46/TRPO_x_control_SecureBERT	cyberbattle/agents/logs/yN60_s123_stg3_2026-08-03_23-00-46/TRPO_x_control_SecureBERT/checkpoints/1/checkpoint_250000_steps.zip	cyberbattle/agents/logs/yN60_s123_stg3_2026-08-03_23-00-46/TRPO_x_control_SecureBERT/checkpoints/1/checkpoint_vecnormalize_250000_steps.pkl	2039407	22223	1560a8ff2f7cbb4ccd00e98a41ea9735a91f4bd65dffd671b1f75b2ae99e0ee9	5d7a3ab1e29e1ee523cc90427514e3811079e83959e2a924eb598d32f1be48e6	cyberbattle/agents/logs/yN60_s123_stg3_2026-08-03_23-00-46/TRPO_x_control_SecureBERT/train_config.yaml;graphs_yN60_s123_2026-08-03_17-15-34/1
N60_matched_degree	200	750000	cyberbattle/agents/logs/yN60_s200_stg3_2026-08-03_23-00-46/TRPO_x_control_SecureBERT	cyberbattle/agents/logs/yN60_s200_stg3_2026-08-03_23-00-46/TRPO_x_control_SecureBERT/checkpoints/1/checkpoint_250000_steps.zip	cyberbattle/agents/logs/yN60_s200_stg3_2026-08-03_23-00-46/TRPO_x_control_SecureBERT/checkpoints/1/checkpoint_vecnormalize_250000_steps.pkl	2039400	22223	97f4b7af07ab55d3902814f2f5d5be4e439e4a6204111888444b5bf715cf87de	b11e0c4dcc4d7f5abbffe202efbde91da24d29773edb7c6588e0bce7b1579599	cyberbattle/agents/logs/yN60_s200_stg3_2026-08-03_23-00-46/TRPO_x_control_SecureBERT/train_config.yaml;graphs_yN60_s200_2026-08-03_17-15-34/1
N60_matched_degree	300	750000	cyberbattle/agents/logs/yN60_s300_stg3_2026-08-03_23-00-46/TRPO_x_control_SecureBERT	cyberbattle/agents/logs/yN60_s300_stg3_2026-08-03_23-00-46/TRPO_x_control_SecureBERT/checkpoints/1/checkpoint_250000_steps.zip	cyberbattle/agents/logs/yN60_s300_stg3_2026-08-03_23-00-46/TRPO_x_control_SecureBERT/checkpoints/1/checkpoint_vecnormalize_250000_steps.pkl	2038289	22223	8898654b4936d454654608fda86216776db250e0a641f1294c9b981d79a54512	b30552806e969552b38fdd615e7f9cc4bdc454f3d25831b73ee85b9f7f4df9da	cyberbattle/agents/logs/yN60_s300_stg3_2026-08-03_23-00-46/TRPO_x_control_SecureBERT/train_config.yaml;graphs_yN60_s300_2026-08-03_17-15-34/1
N90_matched_degree	42	500000	cyberbattle/agents/logs/yprobe_n90_static500k_2026-08-03_02-20-13/TRPO_x_control_SecureBERT	cyberbattle/agents/logs/yprobe_n90_static500k_2026-08-03_02-20-13/TRPO_x_control_SecureBERT/checkpoints/1/checkpoint_500000_steps.zip	cyberbattle/agents/logs/yprobe_n90_static500k_2026-08-03_02-20-13/TRPO_x_control_SecureBERT/checkpoints/1/checkpoint_vecnormalize_500000_steps.pkl	2038157	22225	43a36d0f40bbbbeb0360b36c9d9cff8401a18a8da27d65f34118538efab2db86	896796dc40c7f9c8c65e55b4e7405aad343ba211c572c7c3592a1d1693088daa	cyberbattle/agents/logs/yprobe_n90_static500k_2026-08-03_02-20-13/TRPO_x_control_SecureBERT/train_config.yaml;graphs_yprobe_n90_2026-08-03_02-10-10/1
N90_matched_degree	100	500000	cyberbattle/agents/logs/yprobe_n90_s100_static500k_2026-08-03_08-43-27/TRPO_x_control_SecureBERT	cyberbattle/agents/logs/yprobe_n90_s100_static500k_2026-08-03_08-43-27/TRPO_x_control_SecureBERT/checkpoints/1/checkpoint_500000_steps.zip	cyberbattle/agents/logs/yprobe_n90_s100_static500k_2026-08-03_08-43-27/TRPO_x_control_SecureBERT/checkpoints/1/checkpoint_vecnormalize_500000_steps.pkl	2038153	22223	4a923a1dad51ccd3f9686dc8cfe6eedce7fc456482a381382b56807b5e5a749d	caa2b310ce538a08906b8a20f57d216c85628bfd4907d821fa1454c6aa3dd382	cyberbattle/agents/logs/yprobe_n90_s100_static500k_2026-08-03_08-43-27/TRPO_x_control_SecureBERT/train_config.yaml;graphs_yprobe_n90_s100_2026-08-03_08-38-04/1
N90_matched_degree	123	500000	cyberbattle/agents/logs/yprobe_n90_s123_static500k_2026-08-03_08-43-27/TRPO_x_control_SecureBERT	cyberbattle/agents/logs/yprobe_n90_s123_static500k_2026-08-03_08-43-27/TRPO_x_control_SecureBERT/checkpoints/1/checkpoint_500000_steps.zip	cyberbattle/agents/logs/yprobe_n90_s123_static500k_2026-08-03_08-43-27/TRPO_x_control_SecureBERT/checkpoints/1/checkpoint_vecnormalize_500000_steps.pkl	2038152	22223	48fb5a3f681f2ec20d78336c6dcb2e3a789e2ebfaec3151c6729c86fbd8ce255	7adabca2aeead06211bac8665a7bd1ca7434b403658fb7e4c1aa7afdedd1b5ba	cyberbattle/agents/logs/yprobe_n90_s123_static500k_2026-08-03_08-43-27/TRPO_x_control_SecureBERT/train_config.yaml;graphs_yprobe_n90_s123_2026-08-03_08-38-04/1
N90_matched_degree	200	500000	cyberbattle/agents/logs/yprobe_n90_s200_static500k_2026-08-03_08-43-27/TRPO_x_control_SecureBERT	cyberbattle/agents/logs/yprobe_n90_s200_static500k_2026-08-03_08-43-27/TRPO_x_control_SecureBERT/checkpoints/1/checkpoint_500000_steps.zip	cyberbattle/agents/logs/yprobe_n90_s200_static500k_2026-08-03_08-43-27/TRPO_x_control_SecureBERT/checkpoints/1/checkpoint_vecnormalize_500000_steps.pkl	2038173	22223	251bec7f221ecea863cb42587d4538dd29dd2cc07f5c7224d3ca938ddd7edd57	fb30510a1351e133054d5fd6a24c28b9d67e74a9f36d4c71e680c50970ebf2f3	cyberbattle/agents/logs/yprobe_n90_s200_static500k_2026-08-03_08-43-27/TRPO_x_control_SecureBERT/train_config.yaml;graphs_yprobe_n90_s200_2026-08-03_08-38-04/1
N90_matched_degree	300	500000	cyberbattle/agents/logs/yprobe_n90_s300_static500k_2026-08-03_08-43-27/TRPO_x_control_SecureBERT	cyberbattle/agents/logs/yprobe_n90_s300_static500k_2026-08-03_08-43-27/TRPO_x_control_SecureBERT/checkpoints/1/checkpoint_500000_steps.zip	cyberbattle/agents/logs/yprobe_n90_s300_static500k_2026-08-03_08-43-27/TRPO_x_control_SecureBERT/checkpoints/1/checkpoint_vecnormalize_500000_steps.pkl	2038153	22223	3aa92a1fbfbd5d86ca8ad1f4a9646c79f24e04b2f0baaf743d13669cfeb00fc9	9658436a94fcab544876f0fe5af2320f0aa31a6d45d0c594066aff16988d1101	cyberbattle/agents/logs/yprobe_n90_s300_static500k_2026-08-03_08-43-27/TRPO_x_control_SecureBERT/train_config.yaml;graphs_yprobe_n90_s300_2026-08-03_08-38-04/1
N30_low_neighbour	100	250000	cyberbattle/agents/logs/yN30_s100_stg1_2026-08-05_21-24-52/TRPO_x_control_SecureBERT	cyberbattle/agents/logs/yN30_s100_stg1_2026-08-05_21-24-52/TRPO_x_control_SecureBERT/checkpoints/1/checkpoint_250000_steps.zip	cyberbattle/agents/logs/yN30_s100_stg1_2026-08-05_21-24-52/TRPO_x_control_SecureBERT/checkpoints/1/checkpoint_vecnormalize_250000_steps.pkl	2038958	22225	3562e82bed5b80fad26fb336d3f0c9d437c171ce568d5c696fceb5499955c177	6073109a5a8eec3e9a6b807dbac535bd19d0951c1059699db4ec54a82fcb0ac7	cyberbattle/agents/logs/yN30_s100_stg1_2026-08-05_21-24-52/TRPO_x_control_SecureBERT/train_config.yaml;graphs_yN30_s100_2026-08-05_21-16-40/1
N30_low_neighbour	123	250000	cyberbattle/agents/logs/yN30_s123_stg1_2026-08-05_21-24-52/TRPO_x_control_SecureBERT	cyberbattle/agents/logs/yN30_s123_stg1_2026-08-05_21-24-52/TRPO_x_control_SecureBERT/checkpoints/1/checkpoint_250000_steps.zip	cyberbattle/agents/logs/yN30_s123_stg1_2026-08-05_21-24-52/TRPO_x_control_SecureBERT/checkpoints/1/checkpoint_vecnormalize_250000_steps.pkl	2038947	22224	dd8c0c2bf3778f52f8a8d04f5e5ea1e89eb1a6b1618b1e2c5432d210a386b829	ed31ff516fb13acf9bcd8726d3944ccb0ca372e282ceb734873cfcb2e8aec602	cyberbattle/agents/logs/yN30_s123_stg1_2026-08-05_21-24-52/TRPO_x_control_SecureBERT/train_config.yaml;graphs_yN30_s123_2026-08-05_21-17-08/1
N30_low_neighbour	200	250000	cyberbattle/agents/logs/yN30_s200_stg1_2026-08-05_21-24-52/TRPO_x_control_SecureBERT	cyberbattle/agents/logs/yN30_s200_stg1_2026-08-05_21-24-52/TRPO_x_control_SecureBERT/checkpoints/1/checkpoint_250000_steps.zip	cyberbattle/agents/logs/yN30_s200_stg1_2026-08-05_21-24-52/TRPO_x_control_SecureBERT/checkpoints/1/checkpoint_vecnormalize_250000_steps.pkl	2037844	22224	5e0e13b19a3b66fe6f2afd34959423af1dfef508ad004751b28a9119af842c6f	7e59f0c377454e70eee6ff5f022e45c6c6f09e3399a26bab27300051319413ae	cyberbattle/agents/logs/yN30_s200_stg1_2026-08-05_21-24-52/TRPO_x_control_SecureBERT/train_config.yaml;graphs_yN30_s200_2026-08-05_21-17-46/1
N30_low_neighbour	300	250000	cyberbattle/agents/logs/yN30_s300_stg1_2026-08-05_21-24-52/TRPO_x_control_SecureBERT	cyberbattle/agents/logs/yN30_s300_stg1_2026-08-05_21-24-52/TRPO_x_control_SecureBERT/checkpoints/1/checkpoint_250000_steps.zip	cyberbattle/agents/logs/yN30_s300_stg1_2026-08-05_21-24-52/TRPO_x_control_SecureBERT/checkpoints/1/checkpoint_vecnormalize_250000_steps.pkl	2037838	22223	fdbc582ece0b9026dccb199ab1b42b4dd6d74c7c9f938f2b33ea8f912ae2ad24	95d5e235c28265302744b0952c88fed27aaa29e7e3bf5ab70a83d93f8ea1ac00	cyberbattle/agents/logs/yN30_s300_stg1_2026-08-05_21-24-52/TRPO_x_control_SecureBERT/train_config.yaml;graphs_yN30_s300_2026-08-05_21-18-13/1
