band,seed,topo,n_static_ep,n_change_ep,network_size,network_size_fixed,ownable_count,ownable_count_fixed,root_owned_static,cost,mechanical,behavioural_residual,conquest,relative_fragility
10-15,42,1,82,23,10,True,9,True,8.060975609756097,2.1914103923647925,1.5217391304347827,0.6696712619300098,0.8956639566395663,0.08307570874169562
10-15,42,29,30,6,12,True,11,True,11.0,3.666666666666667,2.3333333333333335,1.3333333333333335,1.0,0.12121212121212123
10-15,42,4,36,6,10,True,9,True,6.333333333333333,1.333333333333333,1.6666666666666667,-0.3333333333333337,0.7037037037037037,-0.05263157894736848
10-15,42,45,42,6,10,True,9,True,7.095238095238095,2.595238095238095,3.0,-0.4047619047619051,0.7883597883597884,-0.05704697986577186
10-15,42,54,60,30,11,True,10,True,9.966666666666667,2.4000000000000004,1.6,0.8000000000000003,0.9966666666666667,0.08026755852842812
10-15,42,61,54,24,10,True,9,True,8.055555555555555,2.2222222222222223,1.6666666666666667,0.5555555555555556,0.8950617283950617,0.06896551724137931
10-15,42,62,66,12,10,True,9,True,5.363636363636363,0.6969696969696964,0.9166666666666666,-0.21969696969697028,0.5959595959595959,-0.04096045197740124
10-15,42,76,30,23,12,True,10,True,6.5,1.5,1.608695652173913,-0.10869565217391308,0.65,-0.01672240802675586
10-15,100,1,48,18,10,True,9,True,8.1875,2.020833333333333,1.2777777777777777,0.7430555555555554,0.9097222222222222,0.09075487701441898
10-15,100,4,72,12,10,True,9,True,6.305555555555555,1.6388888888888884,1.3333333333333333,0.30555555555555514,0.7006172839506173,0.048458149779735615
10-15,100,54,60,12,11,True,10,True,10.383333333333333,3.633333333333333,2.1666666666666665,1.4666666666666663,1.0383333333333333,0.14125200642054572
10-15,100,61,41,23,10,True,9,True,8.024390243902438,1.720042417815482,1.9130434782608696,-0.19300106044538756,0.8915989159891597,-0.024051803885291462
10-15,100,62,48,23,10,True,9,True,5.520833333333333,1.0860507246376807,1.0434782608695652,0.04257246376811552,0.6134259259259259,0.007711238720262434
10-15,100,76,54,12,12,True,10,True,6.388888888888889,1.2222222222222223,1.5833333333333333,-0.36111111111111094,0.638888888888889,-0.056521739130434755
10-15,123,1,71,22,10,True,9,True,8.380281690140846,1.9711907810499367,1.8181818181818181,0.1530089628681186,0.9311424100156496,0.01825821237585953
10-15,123,4,59,30,10,True,9,True,6.186440677966102,1.686440677966102,1.3666666666666667,0.3197740112994354,0.6873822975517891,0.05168949771689503
10-15,123,45,54,12,10,True,9,True,6.703703703703703,1.2870370370370363,2.0833333333333335,-0.7962962962962972,0.7448559670781892,-0.11878453038674047
10-15,123,54,60,6,11,True,10,True,10.283333333333333,2.283333333333333,2.0,0.2833333333333332,1.0283333333333333,0.027552674230145856
10-15,123,61,30,18,10,True,9,True,8.166666666666666,2.3888888888888884,1.9444444444444444,0.444444444444444,0.9074074074074073,0.05442176870748294
10-15,123,62,42,12,10,True,9,True,5.5,0.33333333333333304,1.0,-0.666666666666667,0.6111111111111112,-0.12121212121212127
10-15,123,76,30,30,12,True,10,True,6.466666666666667,1.2666666666666666,1.3666666666666667,-0.10000000000000009,0.6466666666666667,-0.015463917525773209
10-15,200,1,66,12,10,True,9,True,7.46969696969697,2.8863636363636367,1.5,1.3863636363636367,0.82996632996633,0.1855983772819473
10-15,200,29,54,12,12,True,11,True,11.203703703703704,3.037037037037038,2.0833333333333335,0.9537037037037046,1.0185185185185186,0.08512396694214884
10-15,200,4,66,12,10,True,9,True,5.96969696969697,0.9696969696969697,1.0833333333333333,-0.11363636363636354,0.6632996632996633,-0.019035532994923842
10-15,200,45,48,12,10,True,9,True,6.958333333333333,1.875,2.1666666666666665,-0.2916666666666665,0.7731481481481481,-0.04191616766467064
10-15,200,54,48,18,11,True,10,True,10.75,3.0277777777777777,2.0,1.0277777777777777,1.075,0.09560723514211886
10-15,200,61,30,31,10,True,9,True,8.066666666666666,1.7763440860215054,1.2903225806451613,0.48602150537634414,0.8962962962962963,0.06025059984004266
10-15,200,62,34,17,10,True,9,True,5.352941176470588,0.8235294117647056,1.1176470588235294,-0.2941176470588238,0.5947712418300654,-0.054945054945055
10-15,200,76,54,6,12,True,10,True,6.425925925925926,1.0925925925925926,1.1666666666666667,-0.07407407407407418,0.6425925925925926,-0.01152737752161385
10-15,300,1,30,18,10,True,9,True,8.333333333333334,2.722222222222223,2.3333333333333335,0.3888888888888897,0.925925925925926,0.046666666666666766
10-15,300,29,54,24,12,True,11,True,11.61111111111111,3.9027777777777777,2.375,1.5277777777777777,1.0555555555555556,0.13157894736842105
10-15,300,4,42,18,10,True,9,True,6.071428571428571,1.5714285714285712,1.2222222222222223,0.34920634920634885,0.6746031746031745,0.05751633986928099
10-15,300,45,54,23,10,True,9,True,7.148148148148148,2.0177133655394526,1.8695652173913044,0.14814814814814814,0.794238683127572,0.02072538860103627
10-15,300,54,59,23,11,True,10,True,10.559322033898304,2.9506263817243914,2.260869565217391,0.6897568165070003,1.0559322033898304,0.0653220741154302
10-15,300,61,84,18,10,True,9,True,8.154761904761905,2.432539682539683,1.7222222222222223,0.7103174603174605,0.9060846560846562,0.08710462287104624
10-15,300,62,42,18,10,True,9,True,5.523809523809524,1.3571428571428568,0.9444444444444444,0.41269841269841234,0.6137566137566137,0.07471264367816086
10-15,300,76,35,18,12,True,10,True,6.4,0.7333333333333334,0.8333333333333334,-0.09999999999999998,0.64,-0.015624999999999997
30-40,42,15,42,78,36,True,35,True,26.452380952380953,4.606227106227106,1.4743589743589745,3.1318681318681314,0.7557823129251701,0.11839645503011838
30-40,42,19,48,37,31,True,29,True,23.229166666666668,3.9318693693693696,2.135135135135135,1.7967342342342345,0.8010057471264368,0.07734820021815539
30-40,42,3,54,30,32,True,29,True,26.09259259259259,5.49259259259259,2.7666666666666666,2.7259259259259236,0.8997445721583652,0.10447125621007798
30-40,42,32,53,54,33,True,30,True,24.735849056603772,4.735849056603772,1.462962962962963,3.2728860936408095,0.8245283018867924,0.132313472893183
30-40,42,44,78,36,34,True,32,True,24.756410256410255,3.0619658119658126,1.7777777777777777,1.284188034188035,0.7736378205128205,0.05187295011220442
30-40,42,50,53,35,33,True,28,True,20.735849056603772,2.421563342318059,1.2,1.2215633423180592,0.7405660377358491,0.058910698037176655
30-40,42,64,42,30,33,True,30,True,24.666666666666668,3.033333333333335,1.4666666666666666,1.5666666666666684,0.8222222222222223,0.06351351351351359
30-40,42,92,30,30,30,True,28,True,22.5,4.633333333333333,2.7666666666666666,1.8666666666666663,0.8035714285714286,0.08296296296296295
30-40,100,15,41,47,36,True,35,True,23.78048780487805,4.0570835495589,1.148936170212766,2.908147379346134,0.6794425087108014,0.12229132569558102
30-40,100,19,54,24,31,True,29,True,22.166666666666668,3.75,1.9166666666666667,1.8333333333333333,0.764367816091954,0.08270676691729323
30-40,100,3,42,54,32,True,29,True,23.0,3.1296296296296298,1.3148148148148149,1.8148148148148149,0.7931034482758621,0.07890499194847021
30-40,100,32,138,72,33,True,30,True,21.41304347826087,3.1491545893719817,1.2222222222222223,1.9269323671497594,0.713768115942029,0.08998871968415119
30-40,100,44,12,36,34,True,32,True,23.5,3.666666666666668,1.7222222222222223,1.9444444444444455,0.734375,0.08274231678487003
30-40,100,50,48,36,33,True,28,True,20.8125,4.868055555555555,1.3611111111111112,3.506944444444444,0.7433035714285714,0.1685018351685018
30-40,100,64,17,24,33,True,30,True,23.88235294117647,3.965686274509803,2.0,1.9656862745098032,0.7960784313725491,0.08230706075533659
30-40,100,92,48,27,30,True,28,True,23.875,4.171296296296298,2.2222222222222223,1.9490740740740753,0.8526785714285714,0.081636610432422
30-40,123,15,42,66,36,True,35,True,22.857142857142858,4.7359307359307365,1.2424242424242424,3.4935064935064943,0.653061224489796,0.1528409090909091
30-40,123,19,29,12,31,True,29,True,21.413793103448278,2.8304597701149454,1.5833333333333333,1.2471264367816122,0.7384066587395958,0.0582393988191091
30-40,123,3,60,66,32,True,29,True,24.216666666666665,5.1106060606060595,1.378787878787879,3.7318181818181806,0.8350574712643678,0.15410123255959454
30-40,123,32,48,12,33,True,30,True,21.229166666666668,4.229166666666668,0.8333333333333334,3.3958333333333344,0.7076388888888889,0.1599607458292444
30-40,123,44,84,48,34,True,32,True,22.035714285714285,4.431547619047617,1.1666666666666667,3.26488095238095,0.6886160714285714,0.1481631550513235
30-40,123,50,53,89,33,True,28,True,21.264150943396228,7.14055543777825,0.6629213483146067,6.477634089463644,0.7594339622641509,0.304626980249843
30-40,123,64,36,65,33,True,30,True,23.22222222222222,3.914529914529915,1.4615384615384615,2.452991452991453,0.774074074074074,0.1056312108943688
30-40,123,92,48,42,30,True,28,True,21.604166666666668,4.4613095238095255,1.6904761904761905,2.770833333333335,0.771577380952381,0.12825458052073294
30-40,200,15,78,60,36,True,35,True,26.692307692307693,3.1589743589743584,1.6833333333333333,1.475641025641025,0.7626373626373627,0.05528338136407298
30-40,200,19,48,48,31,True,29,True,22.458333333333332,3.083333333333332,1.6666666666666667,1.4166666666666654,0.7744252873563218,0.0630797773654916
30-40,200,3,72,36,32,True,29,True,24.069444444444443,2.319444444444443,1.3888888888888888,0.930555555555554,0.8299808429118773,0.038661281015579856
30-40,200,32,42,42,33,True,30,True,22.714285714285715,2.7857142857142883,1.5238095238095237,1.2619047619047645,0.7571428571428572,0.05555555555555567
30-40,200,44,65,64,34,True,32,True,25.06153846153846,3.1240384615384613,1.734375,1.3896634615384613,0.7831730769230769,0.05545004604051564
30-40,200,50,36,60,33,True,28,True,21.25,2.8000000000000007,0.7333333333333333,2.0666666666666673,0.7589285714285714,0.09725490196078435
30-40,200,64,35,60,33,True,30,True,24.62857142857143,3.2619047619047628,1.55,1.7119047619047627,0.820952380952381,0.06950889404485695
30-40,200,92,24,30,30,True,28,True,24.958333333333332,4.691666666666666,2.1666666666666665,2.525,0.8913690476190476,0.1011686143572621
30-40,300,15,78,39,36,True,35,True,23.17948717948718,4.564102564102562,1.2564102564102564,3.3076923076923057,0.6622710622710622,0.1426991150442477
30-40,300,19,60,30,31,True,29,True,21.166666666666668,2.700000000000003,1.4333333333333333,1.2666666666666695,0.7298850574712644,0.0598425196850395
30-40,300,3,60,36,32,True,29,True,24.016666666666666,3.405555555555555,1.3333333333333333,2.072222222222222,0.8281609195402299,0.0862826740689336
30-40,300,32,41,30,33,True,30,True,21.463414634146343,2.1300813008130106,1.1,1.0300813008130105,0.7154471544715447,0.04799242424242435
30-40,300,44,30,42,34,True,32,True,23.033333333333335,7.8190476190476215,1.5,6.3190476190476215,0.7197916666666667,0.27434360140583014
30-40,300,50,36,30,33,True,28,True,18.38888888888889,4.488888888888889,0.8,3.688888888888889,0.6567460317460317,0.20060422960725077
30-40,300,64,54,60,33,True,30,True,24.24074074074074,4.874074074074073,1.7,3.174074074074073,0.8080246913580247,0.13093964858670737
30-40,300,92,41,53,30,True,28,True,22.414634146341463,7.754256787850897,1.3773584905660377,6.37689829728486,0.8005226480836237,0.28449709487342684
80-100,42,10,72,30,84,True,78,True,29.13888888888889,1.8055555555555571,0.43333333333333335,1.3722222222222238,0.3735754985754986,0.047092469018112544
80-100,42,100,24,48,88,True,83,True,32.083333333333336,0.9583333333333357,0.4791666666666667,0.479166666666669,0.38654618473895586,0.014935064935065008
80-100,42,17,53,41,92,True,80,True,32.83018867924528,2.5375057524160134,0.0975609756097561,2.439944776806257,0.410377358490566,0.07432015699467336
80-100,42,18,60,65,95,True,92,True,28.133333333333333,2.5487179487179468,0.5538461538461539,1.994871794871793,0.30579710144927535,0.07090776522056136
80-100,42,2,30,78,84,True,76,True,29.366666666666667,-0.5435897435897417,0.3333333333333333,-0.8769230769230749,0.3864035087719298,-0.02986117174539415
80-100,42,5,36,42,85,True,78,True,19.36111111111111,-0.8293650793650791,0.35714285714285715,-1.1865079365079363,0.2482193732193732,-0.06128304980528796
80-100,42,67,66,48,80,True,73,True,30.333333333333332,3.1666666666666643,0.4791666666666667,2.687499999999998,0.4155251141552511,0.08859890109890103
80-100,42,90,59,48,83,True,79,True,27.966101694915253,1.0911016949152526,0.8125,0.27860169491525255,0.35400128727740826,0.009962121212121153
80-100,100,10,47,53,84,True,78,True,32.1063829787234,2.2007226013649124,0.5471698113207547,1.6535527900441576,0.411620294599018,0.05150230691323751
80-100,100,100,48,48,88,True,83,True,33.1875,4.020833333333332,0.6666666666666666,3.3541666666666656,0.3998493975903614,0.101067168863779
80-100,100,17,54,30,92,True,80,True,33.24074074074074,-0.02592592592592524,0.43333333333333335,-0.4592592592592586,0.41550925925925924,-0.01381615598885792
80-100,100,18,30,71,95,True,92,True,28.666666666666668,1.5821596244131477,0.7323943661971831,0.8497652582159646,0.3115942028985507,0.029642974123812716
80-100,100,2,54,30,84,True,76,True,32.0,-0.56666666666667,0.36666666666666664,-0.9333333333333367,0.42105263157894735,-0.02916666666666677
80-100,100,5,78,42,85,True,78,True,23.08974358974359,0.13736263736263865,0.3333333333333333,-0.19597069597069466,0.2960223537146614,-0.008487348298564233
80-100,100,67,59,54,80,True,73,True,31.372881355932204,2.2617702448210935,0.5,1.7617702448210935,0.4297654980264686,0.05615583168257402
80-100,100,90,30,72,83,True,79,True,30.166666666666668,3.0833333333333357,0.6111111111111112,2.4722222222222245,0.3818565400843882,0.08195211786372014
80-100,123,10,66,77,84,True,78,True,28.40909090909091,2.629870129870131,0.5974025974025974,2.0324675324675336,0.36421911421911424,0.07154285714285719
80-100,123,100,60,66,88,True,83,True,31.383333333333333,3.034848484848485,0.803030303030303,2.2318181818181824,0.3781124497991968,0.07111475884710088
80-100,123,17,71,59,92,True,80,True,33.070422535211264,0.3585581284316035,0.1864406779661017,0.1721174504655018,0.4133802816901408,0.005204573672508786
80-100,123,18,36,48,95,True,92,True,28.72222222222222,2.8055555555555536,0.75,2.0555555555555536,0.31219806763285024,0.07156673114119916
80-100,123,2,42,42,84,True,76,True,30.738095238095237,0.6904761904761898,0.4523809523809524,0.23809523809523742,0.4044486215538847,0.007745933384972867
80-100,123,5,35,18,85,True,78,True,22.4,1.12222222222222,0.16666666666666666,0.9555555555555534,0.28717948717948716,0.04265873015873006
80-100,123,67,48,36,80,True,73,True,31.395833333333332,2.6180555555555536,0.4166666666666667,2.201388888888887,0.4300799086757991,0.07011723070117225
80-100,123,90,42,54,83,True,79,True,25.547619047619047,0.6587301587301582,0.6296296296296297,0.029100529100528516,0.32338758288125374,0.001139070104587323
80-100,200,10,6,48,84,True,78,True,30.166666666666668,1.7708333333333357,0.6041666666666666,1.1666666666666692,0.38675213675213677,0.03867403314917135
80-100,200,100,72,42,88,True,83,True,35.861111111111114,4.194444444444446,0.6666666666666666,3.52777777777778,0.43206157965194114,0.09837335398915574
80-100,200,17,47,72,92,True,80,True,36.57446808510638,1.5605791962174962,0.2361111111111111,1.324468085106385,0.4571808510638298,0.03621291448516585
80-100,200,18,66,54,95,True,92,True,29.651515151515152,2.595959595959595,0.4074074074074074,2.1885521885521877,0.32229907773386035,0.07380911826491793
80-100,200,2,48,47,84,True,76,True,35.145833333333336,2.656471631205676,0.6382978723404256,2.0181737588652506,0.46244517543859653,0.05742284553973445
80-100,200,5,54,48,85,True,78,True,23.27777777777778,2.4652777777777786,0.22916666666666666,2.236111111111112,0.29843304843304846,0.09606205250596662
80-100,200,67,53,47,80,True,73,True,33.056603773584904,1.9076676033721363,0.7446808510638298,1.1629867523083064,0.45283018867924524,0.03518167686777411
80-100,200,90,54,42,83,True,79,True,28.444444444444443,1.1111111111111107,0.4523809523809524,0.6587301587301584,0.360056258790436,0.023158482142857133
80-100,300,10,60,24,84,True,78,True,30.383333333333333,2.758333333333333,0.7916666666666666,1.9666666666666663,0.38952991452991453,0.06472846955567745
80-100,300,100,29,48,88,True,83,True,34.689655172413794,4.189655172413794,0.7291666666666666,3.460488505747127,0.41794765267968426,0.09975563286944998
80-100,300,17,54,42,92,True,80,True,34.166666666666664,0.5476190476190439,0.42857142857142855,0.11904761904761535,0.4270833333333333,0.003484320557491181
80-100,300,18,24,60,95,True,92,True,28.625,2.291666666666668,0.5166666666666667,1.7750000000000012,0.3111413043478261,0.06200873362445419
80-100,300,2,48,65,84,True,76,True,33.020833333333336,0.5900641025641065,0.15384615384615385,0.4362179487179526,0.43448464912280704,0.013210385828682475
80-100,300,5,59,41,85,True,78,True,22.203389830508474,1.0814386109962797,0.2926829268292683,0.7887556841670114,0.2846588439808779,0.03552411096630051
80-100,300,67,84,72,80,True,73,True,31.88095238095238,3.2003968253968225,0.5138888888888888,2.6865079365079336,0.43672537508153947,0.0842668658202638
80-100,300,90,42,48,83,True,79,True,28.714285714285715,2.8392857142857153,0.5416666666666666,2.297619047619049,0.36347197106690776,0.08001658374792707
